device_name,device_caption,device_id,device_build,item_name,item_type,item_caption,mode_value,mode_caption,eprom_address
IKTS11,ИКТС-11,6,15,deviceID,unsigned int,Идентификатор контроллера = 6,,,
IKTS11,ИКТС-11,6,15,deviceBuild,unsigned int,Версия прошивки контроллера = 15,,,
IKTS11,ИКТС-11,6,15,deviceRev,unsigned int,Версия ревизии прошивки контроллера,,,
IKTS11,ИКТС-11,6,15,AccessEE,unsigned char,Доступ на запись в EEPROM,54,Доступ на запись в EEPROM открыт,
IKTS11,ИКТС-11,6,15,workTime,unsigned long,"Время работы после включения/перзапуска, сек",,,
IKTS11,ИКТС-11,6,15,RealDensity_him_sens[2],float,"Концентрация газов, измеряемая в реальном времени (ppm, %)",,,
IKTS11,ИКТС-11,6,15,CO,float,"Фиксированная концентрация CO, ppm",,,
IKTS11,ИКТС-11,6,15,NO,float,"Фиксированная концентрация NO, ppm",,,
IKTS11,ИКТС-11,6,15,O2,float,"Концентрация O2 от LSU4, %об",,,
IKTS11,ИКТС-11,6,15,Density_calckNOx,float,"Вычисленная концентрация NOx, ppm",,,
IKTS11,ИКТС-11,6,15,Density_calckCO2,float,"Вычисленная концентрация CO2, ppm",,,
IKTS11,ИКТС-11,6,15,AerAlfa,float,Вычисленный коэффициент избытка воздуха,,,
IKTS11,ИКТС-11,6,15,PerformMax,float,"Вычисленный максимальный КПД котла, %",,,
IKTS11,ИКТС-11,6,15,PerformMin,float,"Вычисленный минимальный КПД котла, %",,,
IKTS11,ИКТС-11,6,15,Param_from_Tok0,float,Результат измерения по токовому входу 0 в единицах измеряемого параметра,,,
IKTS11,ИКТС-11,6,15,Param_from_Tok1,float,Результат измерения по токовому входу 1 в единицах измеряемого параметра,,,
IKTS11,ИКТС-11,6,15,Iheat,float,"Измеренный ток нагревателя, А",,,
IKTS11,ИКТС-11,6,15,Uheat,float,"Измеренное напряжение нагревателя, В",,,
IKTS11,ИКТС-11,6,15,Limited_Tok[3],float,"Ограниченный выходной ток измерительного канала N, мА",,,
IKTS11,ИКТС-11,6,15,Necessary_Tok[3],float,"Вычисленный выходной ток измерительного канала N, мА",,,
IKTS11,ИКТС-11,6,15,Result_Tok0,float,Результат канала входного тока 0 (мА),,,
IKTS11,ИКТС-11,6,15,Result_Tok1,float,Результат канала входного тока 0 (мА),,,
IKTS11,ИКТС-11,6,15,Result_Iheat,float,Ток нагревателя датчика BoshO2 (А),,,
IKTS11,ИКТС-11,6,15,Result_Uheat,float,Напряжение нагревателя датчика BoshO2 (В),,,
IKTS11,ИКТС-11,6,15,Result_BoshO2,float,Не используется,,,
IKTS11,ИКТС-11,6,15,Result_SensG0,float,Не используется,,,
IKTS11,ИКТС-11,6,15,Result_SensG1,float,Не используется,,,
IKTS11,ИКТС-11,6,15,ExtCmd,unsigned char,Внешняя команда управления,1,Включение фиксации О2,
IKTS11,ИКТС-11,6,15,ExtCmd,unsigned char,Внешняя команда управления,2,Выключение фиксации О2,
IKTS11,ИКТС-11,6,15,ExtCmd,unsigned char,Внешняя команда управления,85,Перезапуск контроллера,
IKTS11,ИКТС-11,6,15,DataCount,unsigned char,"Счетчик, растущий на единицу по окончании прокачки газа с измерениями",,,
IKTS11,ИКТС-11,6,15,Regim_him_sens,unsigned char,Режим работы химических сенсоров,0,Рабочий цикл,
IKTS11,ИКТС-11,6,15,Regim_him_sens,unsigned char,Режим работы химических сенсоров,1,Переход к прокачке воздуха,
IKTS11,ИКТС-11,6,15,Regim_him_sens,unsigned char,Режим работы химических сенсоров,2,Прокачка воздуха,
IKTS11,ИКТС-11,6,15,Regim_him_sens,unsigned char,Режим работы химических сенсоров,3,Прокачка газа предварительная,
IKTS11,ИКТС-11,6,15,Regim_him_sens,unsigned char,Режим работы химических сенсоров,4,Прокачка газа с измерением,
IKTS11,ИКТС-11,6,15,Regim_him_sens,unsigned char,Режим работы химических сенсоров,10,Калибровка. Стоп,
IKTS11,ИКТС-11,6,15,Regim_him_sens,unsigned char,Режим работы химических сенсоров,11,Калибровка. Прокачка воздуха,
IKTS11,ИКТС-11,6,15,Regim_him_sens,unsigned char,Режим работы химических сенсоров,12,Калибровка. Прокачка газа,
IKTS11,ИКТС-11,6,15,Regim_him_sens,unsigned char,Режим работы химических сенсоров,20,Управление через EDP. Глобальный стоп,
IKTS11,ИКТС-11,6,15,Regim_him_sens,unsigned char,Режим работы химических сенсоров,21,Управление через EDP. Прокачка воздуха,
IKTS11,ИКТС-11,6,15,Regim_him_sens,unsigned char,Режим работы химических сенсоров,22,Управление через EDP. Прокачка газа,
IKTS11,ИКТС-11,6,15,Regim_him_sens,unsigned char,Режим работы химических сенсоров,23,"Управление через EDP. Команда выполнена, ожидание следующей",
IKTS11,ИКТС-11,6,15,TimerRegim_him_sens,unsigned long,Оставшееся время выполнения текущей операции (сек),,,
IKTS11,ИКТС-11,6,15,TimerPeriodAer_him_sens,unsigned long,Счетчик времени до прокачки воздуха (сек),,,
IKTS11,ИКТС-11,6,15,TimerPeriodGas_him_sens,unsigned long,Счетчик времени до прокачки газа (сек),,,
IKTS11,ИКТС-11,6,15,EVENT,unsigned char,,,,
IKTS11,ИКТС-11,6,15,CountGasDensityMax,unsigned char,Счетчик аварийных прокачек воздуха,,,
IKTS11,ИКТС-11,6,15,ColChGas,unsigned char,Количество подключенных газовых сенсоров,,,
IKTS11,ИКТС-11,6,15,ChGasMask,unsigned char,Маска подключенных газовых сенсоров,,,
IKTS11,ИКТС-11,6,15,ChCO,signed char,"Номер канала, куда подключен сенсор CO",,,
IKTS11,ИКТС-11,6,15,ChNO,signed char,"Номер канала, куда подключен сенсор NO",,,
IKTS11,ИКТС-11,6,15,AerSignal[2],float,"Сигналы сенсоров при прокачке воздуха, В",,,
IKTS11,ИКТС-11,6,15,Clb_O2_1,float,Калибровочный коэффициент сенсора О2,,,
IKTS11,ИКТС-11,6,15,Clb_O2_2,float,Калибровочный коэффициент сенсора О2,,,
IKTS11,ИКТС-11,6,15,MonitoredParamMask,unsigned long,,,,
IKTS11,ИКТС-11,6,15,Chanel_to_Gas[2],signed char,[Канал] содержит индекс газа (или -1),,,
IKTS11,ИКТС-11,6,15,Gas_to_Chanel[2],signed char,[Газ] содержит номер разъема (или -1),,,
IKTS11,ИКТС-11,6,15,Gas_to_Sens[2],signed char,[Газ] содержит индекс сенсора (или -1),,,
IKTS11,ИКТС-11,6,15,total_workTime,unsigned long,"Суммарное время наработки, сек",,,
IKTS11,ИКТС-11,6,15,total_cntPower_ON,unsigned long,Количество включений и перезагрузок прибора,,,
IKTS11,ИКТС-11,6,15,total_workTime_Gas,unsigned long,"Суммарное время наработки газового насоса, сек",,,
IKTS11,ИКТС-11,6,15,total_cntPower_ON_Gas,unsigned long,Количество включений газового насоса,,,
IKTS11,ИКТС-11,6,15,total_workTime_Aer,unsigned long,"Суммарное время наработки насоса воздуха, сек",,,
IKTS11,ИКТС-11,6,15,total_cntPower_ON_Aer,unsigned long,Количество включений насоса воздуха,,,
IKTS11,ИКТС-11,6,15,PC_ReadPacket,unsigned int,Кол-во принятых пакетов,,,
IKTS11,ИКТС-11,6,15,PC_ErrorPacket,unsigned int,Кол-во ошибочных пакетов,,,
IKTS11,ИКТС-11,6,15,PC_SendPacket,unsigned int,Кол-во отправленных пакетов,,,
